[{"codigoUsuario":1,"nombreUsuario":"Usuario 1","playlists":[{"tituloPlaylist":"Prueba Revisi\u00f3n *GdA*","canciones":[{"nombreCancion":"Brillas","artista":"Le\u00f3n Larregui","album":"Solstis"},{"nombreCancion":"Cancion 2","artista":"Artista 3","album":"Album 1"},{"nombreCancion":"Cancion 3","artista":"Artista 3","album":"Album 11"},{"nombreCancion":"Cancion 4","artista":"Artista 1","album":"Album 11"},{"nombreCancion":"Cancion 5","artista":"Artista 1","album":"Album 5"},{"nombreCancion":"Cancion 6","artista":"Artista 1","album":"Album 3"},{"nombreCancion":"Cancion 26","artista":"Artista 2","album":"Album 4"},{"nombreCancion":"Cancion 70","artista":"Prueba revisi\u00f3n","album":"Album 10"},{"nombreCancion":"Cancion 1","artista":"Artista 1","album":"Album 1"},{"nombreCancion":"Cancion 70","artista":"Prueba revisi\u00f3n","album":"Album 10"}]},{"tituloPlaylist":"Playlist 2","canciones":[{"nombreCancion":"Cancion 7","artista":"Artista 1","album":"Album 1"},{"nombreCancion":"Cancion 8","artista":"Artista 3","album":"Album 1"},{"nombreCancion":"Cancion 9","artista":"Artista 3","album":"Album 11"},{"nombreCancion":"Cancion 10","artista":"Artista 1","album":"Album 11"},{"nombreCancion":"Cancion 11","artista":"Artista 1","album":"Album 5"},{"nombreCancion":"Cancion 12","artista":"Artista 1","album":"Album 3"}]},{"tituloPlaylist":"Playlist 3","canciones":[{"nombreCancion":"Cancion 13","artista":"Artista 1","album":"Album 1"},{"nombreCancion":"Cancion 14","artista":"Artista 3","album":"Album 1"},{"nombreCancion":"Cancion 15","artista":"Artista 3","album":"Album 11"},{"nombreCancion":"Cancion 16","artista":"Artista 1","album":"Album 11"},{"nombreCancion":"Cancion 17","artista":"Artista 1","album":"Album 5"},{"nombreCancion":"Cancion 18","artista":"Artista 1","album":"Album 3"}]},{"tituloPlaylist":"Playlist 4","canciones":[{"nombreCancion":"Cancion 19","artista":"Artista 1","album":"Album 1"},{"nombreCancion":"Cancion 20","artista":"Artista 3","album":"Album 1"},{"nombreCancion":"Cancion 21","artista":"Artista 3","album":"Album 11"},{"nombreCancion":"Cancion 22","artista":"Artista 1","album":"Album 11"},{"nombreCancion":"Cancion 23","artista":"Artista 1","album":"Album 5"},{"nombreCancion":"Cancion 24","artista":"Artista 1","album":"Album 3"},{"nombreCancion":"Cancion 46","artista":"Artista 3","album":"Album 7"}]}]},{"codigoUsuario":2,"nombreUsuario":"Usuario 2","playlists":[{"tituloPlaylist":"Prueba Revisi\u00f3n *GdA*","canciones":[{"nombreCancion":"Love of My Life","artista":"Queen","album":"A Nigth At The Opera"},{"nombreCancion":"Cancion 25","artista":"Artista 3","album":"Album 1"},{"nombreCancion":"Cancion 35","artista":"Artista 3","album":"Album 11"},{"nombreCancion":"Cancion 45","artista":"Artista 1","album":"Album 11"},{"nombreCancion":"Cancion 51","artista":"Artista 1","album":"Album 5"},{"nombreCancion":"Cancion 61","artista":"Artista 1","album":"Album 3"},{"nombreCancion":"Cancion 86","artista":"Prueba revisi\u00f3n","album":"Album 12"},{"nombreCancion":"Cancion 1","artista":"Artista 1","album":"Album 1"}]},{"tituloPlaylist":"Playlist 5","canciones":[{"nombreCancion":"Cancion 7","artista":"Artista 1","album":"Album 1"},{"nombreCancion":"Cancion 8","artista":"Artista 3","album":"Album 1"},{"nombreCancion":"Cancion 9","artista":"Artista 3","album":"Album 11"},{"nombreCancion":"Cancion 10","artista":"Artista 1","album":"Album 11"},{"nombreCancion":"Cancion 11","artista":"Artista 1","album":"Album 5"},{"nombreCancion":"Cancion 12","artista":"Artista 1","album":"Album 3"}]},{"tituloPlaylist":"Playlist 6","canciones":[{"nombreCancion":"Cancion 13","artista":"Artista 1","album":"Album 1"},{"nombreCancion":"Cancion 14","artista":"Artista 3","album":"Album 1"},{"nombreCancion":"Cancion 15","artista":"Artista 3","album":"Album 11"},{"nombreCancion":"Cancion 16","artista":"Artista 1","album":"Album 11"},{"nombreCancion":"Cancion 17","artista":"Artista 1","album":"Album 5"},{"nombreCancion":"Cancion 18","artista":"Artista 1","album":"Album 3"}]},{"tituloPlaylist":"Playlist 7","canciones":[{"nombreCancion":"Cancion 19","artista":"Artista 1","album":"Album 1"},{"nombreCancion":"Cancion 20","artista":"Artista 3","album":"Album 1"},{"nombreCancion":"Cancion 21","artista":"Artista 3","album":"Album 11"},{"nombreCancion":"Cancion 22","artista":"Artista 1","album":"Album 11"},{"nombreCancion":"Cancion 23","artista":"Artista 1","album":"Album 5"},{"nombreCancion":"Cancion 24","artista":"Artista 1","album":"Album 3"}]}]}]