[{"idCategoria":1,"nombreCategoria":"Farmacias","descripcion":"Lorem ipsum, dolor sit amet consectetur adipisicing elit. Dolore, modi!","color":"#9CD0FA","icono":"fas fa-briefcase-medical","empresas":[1,2,3]},{"idCategoria":2,"nombreCategoria":"Restaurantes","descripcion":"Lorem ipsum, dolor sit amet consectetur adipisicing elit. Dolore, modi!","color":"#FFA8AA","icono":"fas fa-bus-alt","empresas":[4,5,6]},{"idCategoria":3,"nombreCategoria":"Salud","descripcion":"Lorem ipsum, dolor sit amet consectetur adipisicing elit. Dolore, modi!","color":"#D3B7F3","icono":"fas fa-bug","empresas":[7,8,9]},{"idCategoria":4,"nombreCategoria":"Caf\u00e9","descripcion":"Lorem ipsum, dolor sit amet consectetur adipisicing elit. Dolore, modi!","color":"#0AD1AE","icono":"fas fa-box-open","empresas":[10,11,12]},{"idCategoria":5,"nombreCategoria":"Bebidas","descripcion":"Lorem ipsum, dolor sit amet consectetur adipisicing elit. Dolore, modi!","color":"#F4845E","icono":"fas fa-cannabis","empresas":[13,14,15,1]},{"idCategoria":6,"nombreCategoria":"Prueba Final POO","descripcion":"Buen trabajo","color":"black","icono":"fas fa-cannabis","empresas":[]},{"idCategoria":7,"nombreCategoria":"Prueba 2000","descripcion":"Fin","color":"red","icono":"fas fa-cannabis","empresas":[]},{"idCategoria":8,"nombreCategoria":"Ultima ves","descripcion":"ya casi termino","color":"green","icono":"fas fa-cannabis","empresas":[]}]