[
    {
        "codigoHistoria": 1,
        "usuario": "Goku",
        "imagenUsuario": "img/profile-pics/goku.jpg",
        "historia": [
            {
                "titulo": "Lorem ipsum dolor, sit amet consectetur adipisicing elit. Quaerat, iusto.",
                "imagen": "img/historias/7.jpg"
            },
            {
                "titulo": "Lorem ipsum dolor, sit amet consectetur adipisicing elit. Quaerat, iusto.",
                "imagen": "img/historias/1.jpg"
            },
            {
                "titulo": "Lorem ipsum dolor, sit amet consectetur adipisicing elit. Quaerat, iusto.",
                "imagen": "img/historias/1.jpg"
            }
        ]
    },
    {
        "codigoHistoria": 2,
        "usuario": "Gohan",
        "imagenUsuario": "img/profile-pics/gohan.jpg",
        "historia": [
            {
                "titulo": "Lorem ipsum dolor, sit amet consectetur adipisicing elit. Quaerat, iusto.",
                "imagen": "img/historias/6.jpg"
            },
            {
                "titulo": "Lorem ipsum dolor, sit amet consectetur adipisicing elit. Quaerat, iusto.",
                "imagen": "img/historias/3.jpg"
            },
            {
                "titulo": "Lorem ipsum dolor, sit amet consectetur adipisicing elit. Quaerat, iusto.",
                "imagen": "img/historias/2.jpg"
            }
        ]
    },
    {
        "codigoHistoria": 3,
        "usuario": "Goten",
        "imagenUsuario": "img/profile-pics/goten.png",
        "historia": [
            {
                "titulo": "Lorem ipsum dolor, sit amet consectetur adipisicing elit. Quaerat, iusto.",
                "imagen": "img/historias/5.jpg"
            },
            {
                "titulo": "Lorem ipsum dolor, sit amet consectetur adipisicing elit. Quaerat, iusto.",
                "imagen": "img/historias/2.jpg"
            },
            {
                "titulo": "Lorem ipsum dolor, sit amet consectetur adipisicing elit. Quaerat, iusto.",
                "imagen": "img/historias/3.jpg"
            }
        ]
    },
    {
        "codigoHistoria": 4,
        "usuario": "Trunks",
        "imagenUsuario": "img/profile-pics/trunks.jpg",
        "historia": [
            {
                "titulo": "Lorem ipsum dolor, sit amet consectetur adipisicing elit. Quaerat, iusto.",
                "imagen": "img/historias/4.jpg"
            },
            {
                "titulo": "Lorem ipsum dolor, sit amet consectetur adipisicing elit. Quaerat, iusto.",
                "imagen": "img/historias/2.jpg"
            },
            {
                "titulo": "Lorem ipsum dolor, sit amet consectetur adipisicing elit. Quaerat, iusto.",
                "imagen": "img/historias/4.jpg"
            }
        ]
    },
    {
        "codigoHistoria": 5,
        "usuario": "Dende",
        "imagenUsuario": "img/profile-pics/dende.jpg",
        "historia": [
            {
                "titulo": "Lorem ipsum dolor, sit amet consectetur adipisicing elit. Quaerat, iusto.",
                "imagen": "img/historias/3.jpg"
            },
            {
                "titulo": "Lorem ipsum dolor, sit amet consectetur adipisicing elit. Quaerat, iusto.",
                "imagen": "img/historias/3.jpg"
            },
            {
                "titulo": "Lorem ipsum dolor, sit amet consectetur adipisicing elit. Quaerat, iusto.",
                "imagen": "img/historias/5.jpg"
            }
        ]
    },
    {
        "codigoHistoria": 6,
        "usuario": "Freezer",
        "imagenUsuario": "img/profile-pics/freezer.jpg",
        "historia": [
            {
                "titulo": "Lorem ipsum dolor, sit amet consectetur adipisicing elit. Quaerat, iusto.",
                "imagen": "img/historias/2.jpg"
            },
            {
                "titulo": "Lorem ipsum dolor, sit amet consectetur adipisicing elit. Quaerat, iusto.",
                "imagen": "img/historias/5.jpg"
            },
            {
                "titulo": "Lorem ipsum dolor, sit amet consectetur adipisicing elit. Quaerat, iusto.",
                "imagen": "img/historias/6.jpg"
            }
        ]
    },
    {
        "codigoHistoria": 7,
        "usuario": "Dodoria",
        "imagenUsuario": "img/profile-pics/dodoria.jpg",
        "historia": [
            {
                "titulo": "Lorem ipsum dolor, sit amet consectetur adipisicing elit. Quaerat, iusto.",
                "imagen": "img/historias/1.jpg"
            },
            {
                "titulo": "Lorem ipsum dolor, sit amet consectetur adipisicing elit. Quaerat, iusto.",
                "imagen": "img/historias/6.jpg"
            },
            {
                "titulo": "Lorem ipsum dolor, sit amet consectetur adipisicing elit. Quaerat, iusto.",
                "imagen": "img/historias/7.jpg"
            }
        ]
    }
]