[{"codigoPost":1,"codigoUsuario":1,"contenidoPost":"Lorem ipsum dolor sit amet consectetur adipisicing elit. Culpa distinctio libero perspiciatis a fugit iusto, beatae ab voluptates quaerat voluptatem magni dolor expedita ipsa eius unde. Earum reprehenderit ab doloremque.","imagen":"img\/posts\/1.jpg","cantidadLikes":1},{"codigoPost":2,"codigoUsuario":2,"contenidoPost":"Lorem ipsum dolor sit amet consectetur adipisicing elit. Culpa distinctio libero perspiciatis a fugit iusto, beatae ab voluptates quaerat voluptatem magni dolor expedita ipsa eius unde. Earum reprehenderit ab doloremque.","imagen":"img\/posts\/2.jpg","cantidadLikes":3},{"codigoPost":3,"codigoUsuario":3,"contenidoPost":"Lorem ipsum dolor sit amet consectetur adipisicing elit. Culpa distinctio libero perspiciatis a fugit iusto, beatae ab voluptates quaerat voluptatem magni dolor expedita ipsa eius unde. Earum reprehenderit ab doloremque.","imagen":"img\/posts\/3.jpg","cantidadLikes":5},{"codigoPost":4,"codigoUsuario":4,"contenidoPost":"Lorem ipsum dolor sit amet consectetur adipisicing elit. Culpa distinctio libero perspiciatis a fugit iusto, beatae ab voluptates quaerat voluptatem magni dolor expedita ipsa eius unde. Earum reprehenderit ab doloremque.","imagen":"img\/posts\/4.jpg","cantidadLikes":7},{"codigoPost":5,"codigoUsuario":5,"contenidoPost":"Lorem ipsum dolor sit amet consectetur adipisicing elit. Culpa distinctio libero perspiciatis a fugit iusto, beatae ab voluptates quaerat voluptatem magni dolor expedita ipsa eius unde. Earum reprehenderit ab doloremque.","imagen":"img\/posts\/5.jpg","cantidadLikes":5},{"codigoPost":6,"codigoUsuario":6,"contenidoPost":"Lorem ipsum dolor sit amet consectetur adipisicing elit. Culpa distinctio libero perspiciatis a fugit iusto, beatae ab voluptates quaerat voluptatem magni dolor expedita ipsa eius unde. Earum reprehenderit ab doloremque.","imagen":"img\/posts\/6.jpg","cantidadLikes":56},{"codigoPost":7,"codigoUsuario":7,"contenidoPost":"Lorem ipsum dolor sit amet consectetur adipisicing elit. Culpa distinctio libero perspiciatis a fugit iusto, beatae ab voluptates quaerat voluptatem magni dolor expedita ipsa eius unde. Earum reprehenderit ab doloremque.","imagen":"img\/posts\/7.jpg","cantidadLikes":7},{"codigoPost":8,"codigoUsuario":8,"contenidoPost":"Lorem ipsum dolor sit amet consectetur adipisicing elit. Culpa distinctio libero perspiciatis a fugit iusto, beatae ab voluptates quaerat voluptatem magni dolor expedita ipsa eius unde. Earum reprehenderit ab doloremque.","imagen":"img\/posts\/8.jpg","cantidadLikes":6},{"codigoPost":9,"codigoUsuario":9,"contenidoPost":"Lorem ipsum dolor sit amet consectetur adipisicing elit. Culpa distinctio libero perspiciatis a fugit iusto, beatae ab voluptates quaerat voluptatem magni dolor expedita ipsa eius unde. Earum reprehenderit ab doloremque.","imagen":"img\/posts\/9.jpg","cantidadLikes":1},{"codigoPost":10,"codigoUsuario":10,"contenidoPost":"Lorem ipsum dolor sit amet consectetur adipisicing elit. Culpa distinctio libero perspiciatis a fugit iusto, beatae ab voluptates quaerat voluptatem magni dolor expedita ipsa eius unde. Earum reprehenderit ab doloremque.","imagen":"img\/posts\/10.jpg","cantidadLikes":3},{"codigoPost":11,"codigoUsuario":11,"contenidoPost":"Lorem ipsum dolor sit amet consectetur adipisicing elit. Culpa distinctio libero perspiciatis a fugit iusto, beatae ab voluptates quaerat voluptatem magni dolor expedita ipsa eius unde. Earum reprehenderit ab doloremque.","imagen":"img\/posts\/11.jpg","cantidadLikes":5},{"codigoPost":12,"codigoUsuario":12,"contenidoPost":"Lorem ipsum dolor sit amet consectetur adipisicing elit. Culpa distinctio libero perspiciatis a fugit iusto, beatae ab voluptates quaerat voluptatem magni dolor expedita ipsa eius unde. Earum reprehenderit ab doloremque.","imagen":"img\/posts\/12.jpg","cantidadLikes":7},{"codigoPost":13,"codigoUsuario":15,"contenidoPost":"Lorem ipsum dolor sit amet consectetur adipisicing elit. Culpa distinctio libero perspiciatis a fugit iusto, beatae ab voluptates quaerat voluptatem magni dolor expedita ipsa eius unde. Earum reprehenderit ab doloremque.","imagen":"img\/posts\/13.jpg","cantidadLikes":5},{"codigoPost":14,"codigoUsuario":16,"contenidoPost":"Lorem ipsum dolor sit amet consectetur adipisicing elit. Culpa distinctio libero perspiciatis a fugit iusto, beatae ab voluptates quaerat voluptatem magni dolor expedita ipsa eius unde. Earum reprehenderit ab doloremque.","imagen":"img\/posts\/14.jpg","cantidadLikes":56},{"codigoPost":15,"codigoUsuario":16,"contenidoPost":"Lorem ipsum dolor sit amet consectetur adipisicing elit. Culpa distinctio libero perspiciatis a fugit iusto, beatae ab voluptates quaerat voluptatem magni dolor expedita ipsa eius unde. Earum reprehenderit ab doloremque.","imagen":"img\/posts\/15.jpg","cantidadLikes":7},{"codigoPost":16,"codigoUsuario":17,"contenidoPost":"Lorem ipsum -dolor sit amet consectetur adipisicing elit. Culpa distinctio libero perspiciatis a fugit iusto, beatae ab voluptates quaerat voluptatem magni dolor expedita ipsa eius unde. Earum reprehenderit ab doloremque.","imagen":"img\/posts\/16.jpg","cantidadLikes":6},{"codigoPost":17,"codigoUsuario":"1","contenidoPost":"prueba de entrega","imagen":"img\\\/posts\\\/16.jpg","cantidadLikes":0},{"codigoPost":18,"codigoUsuario":"1","contenidoPost":"Ya Mero termino","imagen":"nada.jpg","cantidadLikes":0},{"codigoPost":19,"codigoUsuario":"2","contenidoPost":"Esto esta yuca!!","imagen":"adios.jpg","cantidadLikes":0}]