[
    {
        "codigoUsuario": 1,
        "nombre": "Patricio",
        "correo": "patricio@gmail.com",
        "contrasena": "asd.456",
        "imagen": "img/profile-pics/patricio.jpg",
        "siguiendo": [
            1,
            2,
            3,
            4,
            5,
            6,
            7,
            8,
            9,
            11,
            12,
            13,
            14,
            15,
            16
        ]
    },
    {
        "codigoUsuario": 2,
        "nombre": "Vegeta",
        "correo": "vegeta@gmail.com",
        "contrasena": "bcdcb29ed2aab16d48c11485264df665e906bdd9",
        "imagen": "img/profile-pics/vegeta.jpg",
        "siguiendo": [
            1,
            2,
            3,
            4,
            5,
            6,
            7,
            8,
            9,
            10,
            11,
            12,
            13,
            14,
            15,
            16
        ]
    },
    {
        "codigoUsuario": 3,
        "nombre": "16",
        "correo": "16@gmail.com",
        "contrasena": "asd.456",
        "imagen": "img/profile-pics/androide_16.jpg",
        "siguiendo": [
            1,
            2,
            3,
            4,
            5,
            6,
            7,
            8,
            9,
            10,
            11,
            12,
            13,
            14,
            15,
            16
        ]
    },
    {
        "codigoUsuario": 4,
        "nombre": "18",
        "correo": "18@gmail.com",
        "contrasena": "asd.456",
        "imagen": "img/profile-pics/androide_18.jpg",
        "siguiendo": [
            1,
            2,
            3,
            4,
            5,
            6,
            7,
            8,
            9,
            10,
            11,
            12,
            13,
            14,
            15,
            16
        ]
    },
    {
        "codigoUsuario": 5,
        "nombre": "19",
        "correo": "19@gmail.com",
        "contrasena": "asd.456",
        "imagen": "img/profile-pics/androide_19.jpg",
        "siguiendo": [
            1,
            2,
            3,
            4,
            5,
            6,
            7,
            8,
            9,
            10,
            11,
            12,
            13,
            14,
            15,
            16
        ]
    },
    {
        "codigoUsuario": 6,
        "nombre": "Baby",
        "correo": "baby@gmail.com",
        "contrasena": "asd.456",
        "imagen": "img/profile-pics/baby.jpg",
        "siguiendo": [
            1,
            2,
            3,
            4,
            5,
            6,
            7,
            8,
            9,
            10,
            11,
            12,
            13,
            14,
            15,
            16
        ]
    },
    {
        "codigoUsuario": 7,
        "nombre": "Bulma",
        "correo": "bulma@gmail.com",
        "contrasena": "asd.456",
        "imagen": "img/profile-pics/bulma.jpg",
        "siguiendo": [
            1,
            2,
            3,
            4,
            5,
            6,
            7,
            8,
            9,
            10,
            11,
            12,
            13,
            14,
            15,
            16
        ]
    },
    {
        "codigoUsuario": 8,
        "nombre": "Cell",
        "correo": "cell@gmail.com",
        "contrasena": "asd.456",
        "imagen": "img/profile-pics/cell.jpg",
        "siguiendo": [
            1,
            2,
            3,
            4,
            5,
            6,
            7,
            8,
            9,
            10,
            11,
            12,
            13,
            14,
            15,
            16
        ]
    },
    {
        "codigoUsuario": 9,
        "nombre": "Chaozu",
        "correo": "chaozu@gmail.com",
        "contrasena": "asd.456",
        "imagen": "img/profile-pics/chaozu.jpg",
        "siguiendo": [
            1,
            2,
            3,
            4,
            5,
            6,
            7,
            8,
            9,
            10,
            11,
            12,
            13,
            14,
            15,
            16
        ]
    },
    {
        "codigoUsuario": 10,
        "nombre": "Dende",
        "correo": "dende@gmail.com",
        "contrasena": "asd.456",
        "imagen": "img/profile-pics/dende.jpg",
        "siguiendo": [
            1,
            2,
            3,
            4,
            5,
            6,
            7,
            8,
            9,
            10,
            11,
            12,
            13,
            14,
            15,
            16
        ]
    },
    {
        "codigoUsuario": 11,
        "nombre": "Dodoria",
        "correo": "dodoria@gmail.com",
        "contrasena": "asd.456",
        "imagen": "img/profile-pics/dodoria.jpg",
        "siguiendo": [
            1,
            2,
            3,
            4,
            5,
            6,
            7,
            8,
            9,
            10,
            11,
            12,
            13,
            14,
            15,
            16
        ]
    },
    {
        "codigoUsuario": 12,
        "nombre": "Freezer",
        "correo": "freezer@gmail.com",
        "contrasena": "asd.456",
        "imagen": "img/profile-pics/freezer.jpg",
        "siguiendo": [
            1,
            2,
            3,
            4,
            5,
            6,
            7,
            8,
            9,
            10,
            11,
            12,
            13,
            14,
            15,
            16
        ]
    },
    {
        "codigoUsuario": 13,
        "nombre": "Gohan",
        "correo": "gohan@gmail.com",
        "contrasena": "asd.456",
        "imagen": "img/profile-pics/gohan.jpg",
        "siguiendo": [
            1,
            2,
            3,
            4,
            5,
            6,
            7,
            8,
            9,
            10,
            11,
            12,
            13,
            14,
            15,
            16
        ]
    },
    {
        "codigoUsuario": 14,
        "nombre": "Goku",
        "correo": "goku@gmail.com",
        "contrasena": "asd.456",
        "imagen": "img/profile-pics/goku.jpg",
        "siguiendo": [
            1,
            2,
            3,
            4,
            5,
            6,
            7,
            8,
            9,
            10,
            11,
            12,
            13,
            14,
            15,
            16
        ]
    },
    {
        "codigoUsuario": 15,
        "nombre": "Goten",
        "correo": "goten@gmail.com",
        "contrasena": "asd.456",
        "imagen": "img/profile-pics/goten.png",
        "siguiendo": [
            1,
            2,
            3,
            4,
            5,
            6,
            7,
            8,
            9,
            10,
            11,
            12,
            13,
            14,
            15,
            16
        ]
    },
    {
        "codigoUsuario": 16,
        "nombre": "Kami",
        "correo": "kami@gmail.com",
        "contrasena": "asd.456",
        "imagen": "img/profile-pics/kami.jpg",
        "siguiendo": [
            1,
            2,
            3,
            4,
            5,
            6,
            7,
            8,
            9,
            10,
            11,
            12,
            13,
            14,
            15,
            16
        ]
    },
    {
        "codigoUsuario": 17,
        "nombre": "Kibito",
        "correo": "kibito@gmail.com",
        "contrasena": "asd.456",
        "imagen": "img/profile-pics/kibito.jpg",
        "siguiendo": [
            1,
            2,
            3,
            4,
            5,
            6,
            7,
            8,
            9,
            10,
            11,
            12,
            13,
            14,
            15,
            16
        ]
    },
    {
        "codigoUsuario": 18,
        "nombre": "Krilin",
        "correo": "krilin@gmail.com",
        "contrasena": "asd.456",
        "imagen": "img/profile-pics/krilin.jpg",
        "siguiendo": [
            1,
            2,
            3,
            4,
            5,
            6,
            7,
            8,
            9,
            10,
            11,
            12,
            13,
            14,
            15,
            16
        ]
    },
    {
        "codigoUsuario": 19,
        "nombre": "Majinboo",
        "correo": "majinboo@gmail.com",
        "contrasena": "asd.456",
        "imagen": "img/profile-pics/majinboo.jpg",
        "siguiendo": [
            1,
            2,
            3,
            4,
            5,
            6,
            7,
            8,
            9,
            10,
            11,
            12,
            13,
            14,
            15,
            16
        ]
    },
    {
        "codigoUsuario": 20,
        "nombre": "MrSatan",
        "correo": "mr_satan@gmail.com",
        "contrasena": "asd.456",
        "imagen": "img/profile-pics/mr_satan.jpg",
        "siguiendo": [
            1,
            2,
            3,
            4,
            5,
            6,
            7,
            8,
            9,
            10,
            11,
            12,
            13,
            14,
            15,
            16
        ]
    },
    {
        "codigoUsuario": 21,
        "nombre": "Nappa",
        "correo": "nappa@gmail.com",
        "contrasena": "asd.456",
        "imagen": "img/profile-pics/nappa.jpg",
        "siguiendo": [
            1,
            2,
            3,
            4,
            5,
            6,
            7,
            8,
            9,
            10,
            11,
            12,
            13,
            14,
            15,
            16
        ]
    },
    {
        "codigoUsuario": 22,
        "nombre": "Oolong",
        "correo": "oolong@gmail.com",
        "contrasena": "asd.456",
        "imagen": "img/profile-pics/oolong.jpg",
        "siguiendo": [
            1,
            2,
            3,
            4,
            5,
            6,
            7,
            8,
            9,
            10,
            11,
            12,
            13,
            14,
            15,
            16
        ]
    },
    {
        "codigoUsuario": 23,
        "nombre": "Pan",
        "correo": "pan@gmail.com",
        "contrasena": "asd.456",
        "imagen": "img/profile-pics/pan.png",
        "siguiendo": [
            1,
            2,
            3,
            4,
            5,
            6,
            7,
            8,
            9,
            10,
            11,
            12,
            13,
            14,
            15,
            16
        ]
    },
    {
        "codigoUsuario": 24,
        "nombre": "Shenlong",
        "correo": "shenlong@gmail.com",
        "contrasena": "asd.456",
        "imagen": "img/profile-pics/shenlong.jpg",
        "siguiendo": [
            1,
            2,
            3,
            4,
            5,
            6,
            7,
            8,
            9,
            10,
            11,
            12,
            13,
            14,
            15,
            16
        ]
    },
    {
        "codigoUsuario": 25,
        "nombre": "Picoro",
        "correo": "picoro@gmail.com",
        "contrasena": "asd.456",
        "imagen": "img/profile-pics/picoro.jpg",
        "siguiendo": [
            1,
            2,
            3,
            4,
            5,
            6,
            7,
            8,
            9,
            10,
            11,
            12,
            13,
            14,
            15,
            16
        ]
    }
]